mode,scope,n,precision,recall,f1
name_only,equivalence_only,40,0.8285714285714286,0.9354838709677419,0.8787878787878788
name_only,equivalence_plus_subsumption,72,0.8955223880597015,0.9523809523809523,0.923076923076923
name_only,recall_plus_nontrivial,40,0.8285714285714286,0.9354838709677419,0.8787878787878788
definition_based,equivalence_only,40,0.90625,0.9354838709677419,0.9206349206349206
definition_based,equivalence_plus_subsumption,72,0.9375,0.9523809523809523,0.9448818897637795
definition_based,recall_plus_nontrivial,40,0.90625,0.9354838709677419,0.9206349206349206
