mode,scope,n,precision,recall,f1
name_only,equivalence_only,34,0.8387096774193549,0.9629629629629629,0.896551724137931
name_only,equivalence_plus_subsumption,58,0.9090909090909091,0.9803921568627451,0.9433962264150944
name_only,recall_plus_nontrivial,34,0.8387096774193549,0.9629629629629629,0.896551724137931
definition_based,equivalence_only,34,0.8571428571428571,0.8888888888888888,0.8727272727272727
definition_based,equivalence_plus_subsumption,58,0.8846153846153846,0.9019607843137255,0.8932038834951457
definition_based,recall_plus_nontrivial,34,0.8571428571428571,0.8888888888888888,0.8727272727272727
