{
  "cohen_kappa": 0.8804780876494024,
  "simple_agreement": 0.9333333333333333,
  "n": 30
}