corpus,n_nodes,pct_empty,pct_boilerplate,pct_restates_name,mean_word_count,median_word_count
ietf,2279,0.0,0.0,0.4541465555068012,10.226415094339623,6.0
tapi,3418,0.0,0.310122878876536,0.2331772966647162,13.367173785839672,7.0
