mode,scope,n,precision,recall,f1
name_only,equivalence_only,26,0.96,1.0,0.9795918367346939
name_only,equivalence_plus_subsumption,39,0.9736842105263158,1.0,0.9866666666666666
name_only,recall_plus_nontrivial,26,0.96,1.0,0.9795918367346939
definition_based,equivalence_only,26,0.8181818181818182,0.8571428571428571,0.8372093023255814
definition_based,equivalence_plus_subsumption,39,0.8709677419354839,0.7941176470588235,0.8307692307692308
definition_based,recall_plus_nontrivial,26,0.8181818181818182,0.8571428571428571,0.8372093023255814
