mode,scope,n,precision,recall,f1
name_only,equivalence_only,26,0.88,0.9565217391304348,0.9166666666666666
name_only,equivalence_plus_subsumption,39,0.9210526315789473,0.9722222222222222,0.9459459459459458
name_only,recall_plus_nontrivial,26,0.88,0.9565217391304348,0.9166666666666666
definition_based,equivalence_only,26,0.9545454545454546,0.9130434782608695,0.9333333333333332
definition_based,equivalence_plus_subsumption,39,0.9714285714285714,0.9444444444444444,0.9577464788732395
definition_based,recall_plus_nontrivial,26,0.9545454545454546,0.9130434782608695,0.9333333333333332
