mode,scope,n,precision,recall,f1
name_only,equivalence_only,25,0.875,0.9545454545454546,0.9130434782608695
name_only,equivalence_plus_subsumption,39,0.9210526315789473,0.9722222222222222,0.9459459459459458
name_only,recall_plus_nontrivial,25,0.875,0.9545454545454546,0.9130434782608695
definition_based,equivalence_only,25,0.9523809523809523,0.9090909090909091,0.9302325581395349
definition_based,equivalence_plus_subsumption,39,0.9714285714285714,0.9444444444444444,0.9577464788732395
definition_based,recall_plus_nontrivial,25,0.9523809523809523,0.9090909090909091,0.9302325581395349
